date,daily_weighted_avg,Category
20220301,-0.27746,APPLE Inc
20220302,-0.43884488235294117,APPLE Inc
20220303,-0.20438614285714282,APPLE Inc
20220304,0.04104985714285714,APPLE Inc
20220305,-0.03886345454545454,APPLE Inc
20220306,0.07514166666666666,APPLE Inc
20220307,-0.00010375000000000464,APPLE Inc
20220308,-0.0031610127388535035,APPLE Inc
20220309,-0.03388635652173913,APPLE Inc
20220310,-0.10359241726618705,APPLE Inc
20220311,0.017243416666666664,APPLE Inc
20220312,-0.026701571428571436,APPLE Inc
20220313,0.010155,APPLE Inc
20220314,-0.13476838759689921,APPLE Inc
20220315,-0.09301407272727275,APPLE Inc
20220316,-0.013014909090909096,APPLE Inc
20220317,-0.061019056603773575,APPLE Inc
20220318,0.032199512820512824,APPLE Inc
20220319,-0.018239542857142854,APPLE Inc
20220320,-0.025317250000000006,APPLE Inc
20220321,-0.0572845576923077,APPLE Inc
20220322,0.004692769230769229,APPLE Inc
20220323,0.001950594059405943,APPLE Inc
20220324,-0.006490720000000002,APPLE Inc
20220325,-0.07912155000000001,APPLE Inc
20220401,0.0015870190476190585,APPLE Inc
20220402,-0.026068888888888895,APPLE Inc
20220403,0.04290166666666668,APPLE Inc
20220404,0.013418725000000003,APPLE Inc
20220405,-0.005372724137931034,APPLE Inc
20220406,-0.025771562500000008,APPLE Inc
20220407,-0.051590027777777776,APPLE Inc
20220408,-0.0452373125,APPLE Inc
20220409,-0.008917888888888895,APPLE Inc
20220410,-0.062888,APPLE Inc
20220411,-0.06503706060606061,APPLE Inc
20220412,-0.11991925203252032,APPLE Inc
20220413,0.009087027027027027,APPLE Inc
20220414,-0.06102522727272728,APPLE Inc
20220415,-0.15539918367346942,APPLE Inc
20220416,-0.4810915652173912,APPLE Inc
20220417,0.026981666666666664,APPLE Inc
20220418,-0.07591048717948719,APPLE Inc
20220419,-0.043033605263157894,APPLE Inc
20220420,-0.06171883333333333,APPLE Inc
20220421,-0.02626767741935484,APPLE Inc
20220422,-0.04373257142857142,APPLE Inc
20220423,-0.006043055555555558,APPLE Inc
20220424,-0.04937868,APPLE Inc
20220425,-0.1347456,APPLE Inc
20220501,-0.081367,APPLE Inc
20220502,-0.14161419298245614,APPLE Inc
20220503,-0.07654711904761904,APPLE Inc
20220504,-0.006415208955223879,APPLE Inc
20220505,-0.1177000888888889,APPLE Inc
20220506,-0.0834973698630137,APPLE Inc
20220507,-0.039543400000000006,APPLE Inc
20220508,0.027954000000000014,APPLE Inc
20220509,-0.12116408849557522,APPLE Inc
20220510,-0.10732131818181818,APPLE Inc
20220511,-0.05327224752475248,APPLE Inc
20220512,-0.1317251699346405,APPLE Inc
20220513,-0.038285651162790695,APPLE Inc
20220514,-0.14399914285714283,APPLE Inc
20220515,-0.05873916216216216,APPLE Inc
20220516,-0.07009438888888889,APPLE Inc
20220517,-0.044358369565217395,APPLE Inc
20220518,-0.1000985,APPLE Inc
20220519,-0.1383891224489796,APPLE Inc
20220520,-0.11253723157894738,APPLE Inc
20220521,-0.050419,APPLE Inc
20220522,-0.045622923076923075,APPLE Inc
20220523,-0.0425343962264151,APPLE Inc
20220601,-0.029041115384615387,APPLE Inc
20220602,-0.060251068965517254,APPLE Inc
20220603,-0.0980784411764706,APPLE Inc
20220604,-0.13590349999999998,APPLE Inc
20220605,-0.025610750000000005,APPLE Inc
20220606,-0.04115315873015873,APPLE Inc
20220607,-0.04926229670329671,APPLE Inc
20220608,-0.04633003225806452,APPLE Inc
20220609,-0.07085064935064936,APPLE Inc
20220610,-0.08075648461538462,APPLE Inc
20220611,-0.0344405238095238,APPLE Inc
20220612,-0.013185999999999998,APPLE Inc
20220613,-0.12456815624999999,APPLE Inc
20220614,-0.05549024786324786,APPLE Inc
20220615,-0.04827171428571429,APPLE Inc
20220616,-0.13119281481481482,APPLE Inc
20220617,0.00857458139534884,APPLE Inc
20220618,0.10224899999999999,APPLE Inc
20220619,0.07949054545454545,APPLE Inc
20220620,0.0297257,APPLE Inc
20220621,-0.06733524137931035,APPLE Inc
20220622,0.07191765573770492,APPLE Inc
20220623,-0.09791194029850747,APPLE Inc
20220624,-0.04904754666666668,APPLE Inc
20220625,-0.07076452,APPLE Inc
20220626,-0.0035254285714285643,APPLE Inc
20220627,-0.020874615384615387,APPLE Inc
20220701,-0.0927760909090909,APPLE Inc
20220702,-0.06675529411764705,APPLE Inc
20220703,-0.10726711111111113,APPLE Inc
20220704,0.09033442857142858,APPLE Inc
20220705,-0.08357878787878789,APPLE Inc
20220706,-0.05933570769230768,APPLE Inc
20220707,-0.06994317241379312,APPLE Inc
20220708,-0.04165366666666667,APPLE Inc
20220709,0.07124982352941177,APPLE Inc
20220710,0.17451500000000003,APPLE Inc
20220711,0.12179944827586209,APPLE Inc
20220712,0.11908304109589041,APPLE Inc
20220713,0.17891085185185182,APPLE Inc
20220714,0.11393343333333335,APPLE Inc
20220715,0.1284522142857143,APPLE Inc
20220716,0.097097,APPLE Inc
20220717,0.12974014285714286,APPLE Inc
20220718,0.16122206382978724,APPLE Inc
20220719,0.06782414598540146,APPLE Inc
20220720,0.115672,APPLE Inc
20220721,0.08157230909090908,APPLE Inc
20220722,0.06622680701754385,APPLE Inc
20220723,0.04562442857142857,APPLE Inc
20220724,0.08209111111111111,APPLE Inc
20220725,0.08709203076923075,APPLE Inc
20220726,0.06942930337078651,APPLE Inc
20220727,0.09175525,APPLE Inc
20220801,0.12530433333333338,APPLE Inc
20220802,0.06919004166666666,APPLE Inc
20220803,0.15468109859154933,APPLE Inc
20220804,0.15269816129032257,APPLE Inc
20220805,0.13972672340425535,APPLE Inc
20220806,0.1319461886792453,APPLE Inc
20220807,0.14584445454545455,APPLE Inc
20220808,0.0969777441860465,APPLE Inc
20220809,0.10914312790697675,APPLE Inc
20220810,0.1477495945945946,APPLE Inc
20220811,0.11884597297297296,APPLE Inc
20220812,0.15033236111111112,APPLE Inc
20220813,0.17835275,APPLE Inc
20220814,0.14589,APPLE Inc
20220815,0.09996545833333333,APPLE Inc
20220816,0.1426855,APPLE Inc
20220817,0.1559016486486487,APPLE Inc
20220818,0.0876273888888889,APPLE Inc
20220819,0.06646251515151515,APPLE Inc
20220820,0.1390272,APPLE Inc
20220821,0.13799811111111113,APPLE Inc
20220822,0.08366002777777777,APPLE Inc
20220823,0.10654008510638296,APPLE Inc
20220824,0.15552443999999999,APPLE Inc
20220825,0.13432060869565215,APPLE Inc
20220826,0.12856474193548387,APPLE Inc
20220901,0.10075189690721649,APPLE Inc
20220902,0.06011882191780822,APPLE Inc
20220903,0.1276963333333333,APPLE Inc
20220904,0.1437077,APPLE Inc
20220905,0.1560625,APPLE Inc
20220906,0.08577691999999999,APPLE Inc
20220907,0.08749562608695652,APPLE Inc
20220908,0.11759122727272726,APPLE Inc
20220909,0.15081465517241383,APPLE Inc
20220910,0.117056,APPLE Inc
20220911,0.125469,APPLE Inc
20220912,0.13588455555555554,APPLE Inc
20220913,0.13256723809523813,APPLE Inc
20220914,0.09995719999999998,APPLE Inc
20220915,0.18317379999999997,APPLE Inc
20220916,0.10555074999999998,APPLE Inc
20220917,0.11216533333333333,APPLE Inc
20220918,0.02591141666666667,APPLE Inc
20220919,0.054329236842105263,APPLE Inc
20220920,0.07942573684210527,APPLE Inc
20220921,0.13589306779661012,APPLE Inc
20220922,0.05240072566371682,APPLE Inc
20220923,0.005028925925925927,APPLE Inc
20220924,0.050839199999999994,APPLE Inc
20220925,0.14246983333333332,APPLE Inc
20220926,0.195392,APPLE Inc
20221001,0.18875152173913043,APPLE Inc
20221002,0.11288468421052632,APPLE Inc
20221003,0.07826661111111112,APPLE Inc
20221004,0.12386919101123595,APPLE Inc
20221005,0.11413231914893615,APPLE Inc
20221006,0.08366142424242425,APPLE Inc
20221007,0.030043478260869567,APPLE Inc
20221008,0.15035925,APPLE Inc
20221009,0.15957883333333336,APPLE Inc
20221010,0.03536441025641025,APPLE Inc
20221011,0.04837286274509804,APPLE Inc
20221012,0.13444013636363636,APPLE Inc
20221013,0.08292066019417477,APPLE Inc
20221014,0.14385746875,APPLE Inc
20221015,0.14260353333333334,APPLE Inc
20221016,0.09612608333333332,APPLE Inc
20221017,0.10400337288135594,APPLE Inc
20221018,0.11310048591549297,APPLE Inc
20221019,0.047208013513513516,APPLE Inc
20221020,0.05588155294117647,APPLE Inc
20221021,0.07889264948453609,APPLE Inc
20221022,0.08928247826086957,APPLE Inc
20221023,-0.05341630769230768,APPLE Inc
20221024,0.119813,APPLE Inc
20221101,0.03985104347826085,APPLE Inc
20221102,-0.0018269729729729735,APPLE Inc
20221103,0.005607408163265311,APPLE Inc
20221104,0.08890432631578948,APPLE Inc
20221105,0.12656316666666667,APPLE Inc
20221106,0.10483372727272727,APPLE Inc
20221107,-0.01229269411764706,APPLE Inc
20221108,0.06151053333333333,APPLE Inc
20221109,0.06742978260869566,APPLE Inc
20221110,0.042382377358490556,APPLE Inc
20221111,0.05052086597938145,APPLE Inc
20221112,-0.03257136842105262,APPLE Inc
20221113,0.21093062499999998,APPLE Inc
20221114,0.04418067391304348,APPLE Inc
20221115,0.0743664659090909,APPLE Inc
20221116,0.12966875,APPLE Inc
20221117,0.03907228723404254,APPLE Inc
20221118,0.12780300000000003,APPLE Inc
20221119,-0.037356866666666676,APPLE Inc
20221120,0.10317399999999999,APPLE Inc
20221121,0.07192297560975609,APPLE Inc
20221122,0.1626383448275862,APPLE Inc
20221123,0.076972325,APPLE Inc
20221124,0.04063458823529412,APPLE Inc
20221125,0.07868489285714286,APPLE Inc
20221201,0.006830495238095244,APPLE Inc
20221202,0.13386816438356164,APPLE Inc
20221203,0.1129122432432433,APPLE Inc
20221204,0.07855736363636363,APPLE Inc
20221205,0.08529869230769231,APPLE Inc
20221206,0.09816117741935484,APPLE Inc
20221207,0.06008728682170543,APPLE Inc
20221208,0.03774471153846154,APPLE Inc
20221209,0.09905191836734696,APPLE Inc
20221210,0.07580111111111112,APPLE Inc
20221211,0.03759111111111111,APPLE Inc
20221212,0.09654564285714284,APPLE Inc
20221213,0.12388185714285714,APPLE Inc
20221214,0.12145,APPLE Inc
20221215,0.07413813793103448,APPLE Inc
20221216,0.0797619375,APPLE Inc
20221217,0.06916744000000001,APPLE Inc
20221218,0.005690947368421052,APPLE Inc
20221219,0.03922720000000002,APPLE Inc
20221220,0.04295419354838709,APPLE Inc
20221221,0.1501963650793651,APPLE Inc
20221222,0.07183863043478261,APPLE Inc
20221223,0.1089899090909091,APPLE Inc
20221224,0.14791016666666668,APPLE Inc
20221225,0.17716633333333331,APPLE Inc
20221226,0.11015427272727273,APPLE Inc
20221227,0.12398090361445782,APPLE Inc
20221228,0.09163853571428572,APPLE Inc
20230101,0.3055058333333333,APPLE Inc
20230102,0.15883545945945943,APPLE Inc
20230103,0.09704055263157894,APPLE Inc
20230104,0.024165344262295083,APPLE Inc
20230105,0.04270651351351351,APPLE Inc
20230106,0.10949689411764706,APPLE Inc
20230107,0.06411583333333333,APPLE Inc
20230108,0.1469675,APPLE Inc
20230109,0.12070837142857142,APPLE Inc
20230110,0.11183697916666664,APPLE Inc
20230111,0.09541759183673469,APPLE Inc
20230112,0.06421993506493505,APPLE Inc
20230113,0.09501173195876289,APPLE Inc
20230114,0.1435712857142857,APPLE Inc
20230115,0.017099124999999993,APPLE Inc
20230116,0.09220284210526317,APPLE Inc
20230117,0.16800524657534244,APPLE Inc
20230118,0.10861689090909092,APPLE Inc
20230119,0.05455026,APPLE Inc
20230120,0.1496748181818182,APPLE Inc
20230121,0.15484514285714285,APPLE Inc
20230122,0.25624042857142854,APPLE Inc
20230123,0.13263942574257426,APPLE Inc
20230124,0.0829502,APPLE Inc
20230125,0.14119258333333332,APPLE Inc
20230126,0.16913814285714285,APPLE Inc
20230201,0.10636484210526316,APPLE Inc
20230202,0.06313513846153847,APPLE Inc
20230203,0.04751267525773195,APPLE Inc
20230204,0.0653554,APPLE Inc
20230205,0.13304305555555557,APPLE Inc
20230206,0.11641002380952381,APPLE Inc
20230207,0.0846997672413793,APPLE Inc
20230208,0.13458053424657532,APPLE Inc
20230209,0.12920409523809523,APPLE Inc
20230210,0.12329619480519478,APPLE Inc
20230211,0.147449,APPLE Inc
20230212,0.09980970967741937,APPLE Inc
20230213,0.17781070833333334,APPLE Inc
20230214,0.11625684810126583,APPLE Inc
20230215,0.1343980181818182,APPLE Inc
20230216,0.09522238028169014,APPLE Inc
20230217,0.17703873846153845,APPLE Inc
20230218,0.15990789473684208,APPLE Inc
20230219,0.10345,APPLE Inc
20230220,-0.016692285714285715,APPLE Inc
20230221,0.11526213636363636,APPLE Inc
20230222,0.11895695454545452,APPLE Inc
20230223,0.1386449090909091,APPLE Inc
20230224,0.11843595238095238,APPLE Inc
20230225,0.1179785625,APPLE Inc
20230226,0.11526841666666665,APPLE Inc
20230227,0.15850119999999998,APPLE Inc
20230228,0.11534829411764705,APPLE Inc
20230301,0.10478241176470589,APPLE Inc
20230302,0.07848775,APPLE Inc
20230303,0.06101334545454546,APPLE Inc
20230304,0.19600606060606063,APPLE Inc
20230305,0.12545036363636364,APPLE Inc
20230306,0.1857774761904762,APPLE Inc
20230307,0.14501173333333334,APPLE Inc
20230308,0.12081556,APPLE Inc
20230309,0.14483229761904762,APPLE Inc
20230310,0.1064375,APPLE Inc
20230311,0.21806957142857142,APPLE Inc
20230312,0.20922017391304346,APPLE Inc
20230313,0.1543603333333333,APPLE Inc
20230314,0.12179144067796609,APPLE Inc
20230315,0.14492690196078434,APPLE Inc
20230316,0.08258022115384617,APPLE Inc
20230317,0.17081536842105263,APPLE Inc
20230318,0.2929713333333333,APPLE Inc
20230319,0.094673,APPLE Inc
20230320,0.06370424999999999,APPLE Inc
20230321,0.19684033333333337,APPLE Inc
20230322,0.13591624137931033,APPLE Inc
20230323,0.12032134146341464,APPLE Inc
20230324,0.16553843333333337,APPLE Inc
20230325,0.1261337,APPLE Inc
20230326,0.1795344285714286,APPLE Inc
20230327,0.13012533333333332,APPLE Inc
20230328,0.07332638095238095,APPLE Inc
20230329,0.12226478378378376,APPLE Inc
20230330,0.11040705882352941,APPLE Inc
20230331,0.13014242857142858,APPLE Inc
20230401,0.09491216666666669,APPLE Inc
20230402,0.025305666666666667,APPLE Inc
20230403,0.13697485714285715,APPLE Inc
20230404,0.10682899999999998,APPLE Inc
20230405,0.09409246534653462,APPLE Inc
20230406,0.08005156666666666,APPLE Inc
20230407,0.09288863636363635,APPLE Inc
20230408,0.19370099999999998,APPLE Inc
20230409,0.10573872727272728,APPLE Inc
20230410,0.04237868292682927,APPLE Inc
20230411,0.11677222500000002,APPLE Inc
20230412,0.1184728076923077,APPLE Inc
20230413,0.07946535135135133,APPLE Inc
20230414,0.14445621739130435,APPLE Inc
20230415,0.08056900000000002,APPLE Inc
20230416,0.13969935714285714,APPLE Inc
20230417,0.13458929787234042,APPLE Inc
20230418,0.12592022330097086,APPLE Inc
20230419,0.15787477647058823,APPLE Inc
20230420,0.10196589655172414,APPLE Inc
20230421,0.12191450000000001,APPLE Inc
20230422,0.16531173333333332,APPLE Inc
20230423,0.11288766666666666,APPLE Inc
20230424,0.09318975609756099,APPLE Inc
20230425,0.10694436842105264,APPLE Inc
20230426,0.15280955555555553,APPLE Inc
20230427,0.1558176,APPLE Inc
20230428,0.11604394642857141,APPLE Inc
20230429,0.0991668,APPLE Inc
20230430,0.06339285185185185,APPLE Inc
20230501,0.10039265853658537,APPLE Inc
20230502,0.1220969718309859,APPLE Inc
20230503,0.059305821917808206,APPLE Inc
20230504,0.046594293706293706,APPLE Inc
20230505,0.14245912121212126,APPLE Inc
20230506,0.18107964,APPLE Inc
20230507,0.07146522580645162,APPLE Inc
20230508,0.07864319512195121,APPLE Inc
20230509,0.17442709090909087,APPLE Inc
20230510,0.13211377777777777,APPLE Inc
20230511,0.14273319047619049,APPLE Inc
20230512,0.08510969230769232,APPLE Inc
20230513,0.13439316666666665,APPLE Inc
20230514,0.12570733333333334,APPLE Inc
20230515,0.15752532352941176,APPLE Inc
20230516,0.14083048979591836,APPLE Inc
20230517,0.14439178260869562,APPLE Inc
20230518,0.2168431558441558,APPLE Inc
20230519,0.16428173684210523,APPLE Inc
20230520,0.17347864516129033,APPLE Inc
20230521,0.19885344444444442,APPLE Inc
20230522,0.13428489655172415,APPLE Inc
20230523,0.16939510810810807,APPLE Inc
20230524,0.17838151666666666,APPLE Inc
20230525,0.13865827777777778,APPLE Inc
20230601,0.1735687142857143,APPLE Inc
20230602,0.11011861052631583,APPLE Inc
20230603,0.09717887096774193,APPLE Inc
20230604,0.13548010000000002,APPLE Inc
20230605,0.17884818032786887,APPLE Inc
20230606,0.14349540624999998,APPLE Inc
20230607,0.1711546990291262,APPLE Inc
20230608,0.16595161363636363,APPLE Inc
20230609,0.15209640425531915,APPLE Inc
20230610,0.1377905161290323,APPLE Inc
20230611,0.21968471428571432,APPLE Inc
20230612,0.17046312121212123,APPLE Inc
20230613,0.17979764935064932,APPLE Inc
20230614,0.1763984,APPLE Inc
20230615,0.19678836363636365,APPLE Inc
20230616,0.135959,APPLE Inc
20230617,0.13357685714285714,APPLE Inc
20230618,0.1977228,APPLE Inc
20230619,0.20094878571428576,APPLE Inc
20230620,0.15203785074626866,APPLE Inc
20230621,0.15964552,APPLE Inc
20230622,0.16808511111111113,APPLE Inc
20230623,0.14825426470588235,APPLE Inc
20230624,0.15244157142857143,APPLE Inc
20230625,0.20085787499999996,APPLE Inc
20230626,0.15382651515151516,APPLE Inc
20230627,0.012450933333333332,APPLE Inc
20230701,0.060265590909090914,APPLE Inc
20230702,0.1974532857142857,APPLE Inc
20230703,0.18779377669902914,APPLE Inc
20230704,0.1571622857142857,APPLE Inc
20230705,0.14658983870967743,APPLE Inc
20230706,0.16600341666666665,APPLE Inc
20230707,0.12495368750000001,APPLE Inc
20230708,0.16879966666666668,APPLE Inc
20230709,0.11753266666666667,APPLE Inc
20230710,0.1656484090909091,APPLE Inc
20230711,0.1369121875,APPLE Inc
20230712,0.11362888235294118,APPLE Inc
20230713,0.16705941935483873,APPLE Inc
20230714,0.1851211212121212,APPLE Inc
20230715,0.086138,APPLE Inc
20230716,0.2668532,APPLE Inc
20230717,0.16898167857142857,APPLE Inc
20230718,0.1533791538461538,APPLE Inc
20230719,0.1324220303030303,APPLE Inc
20230720,0.12798591397849463,APPLE Inc
20230721,0.19040529032258063,APPLE Inc
20230722,0.19175328571428568,APPLE Inc
20230723,0.26489233333333334,APPLE Inc
20230724,0.12924878125,APPLE Inc
20230725,0.13385130588235297,APPLE Inc
20230726,0.19296813793103448,APPLE Inc
20230727,0.1846507037037037,APPLE Inc
20230728,0.12911979245283017,APPLE Inc
20230801,0.11753476404494383,APPLE Inc
20230802,0.1302201612903226,APPLE Inc
20230803,0.09412772972972971,APPLE Inc
20230804,0.11337088059701493,APPLE Inc
20230805,0.17903090909090907,APPLE Inc
20230806,0.19338471428571427,APPLE Inc
20230807,0.09252278947368422,APPLE Inc
20230808,0.1447962,APPLE Inc
20230809,0.10439434482758622,APPLE Inc
20230810,0.17456156140350876,APPLE Inc
20230811,0.1658882962962963,APPLE Inc
20230812,0.14735633333333334,APPLE Inc
20230813,0.24334433333333336,APPLE Inc
20230814,0.10945084,APPLE Inc
20230815,0.17059255555555555,APPLE Inc
20230816,0.1851294074074074,APPLE Inc
20230817,0.14359558441558443,APPLE Inc
20230818,0.10409291578947366,APPLE Inc
20230819,0.2314622857142857,APPLE Inc
20230820,0.23790020000000003,APPLE Inc
20230821,0.1275719655172414,APPLE Inc
20230822,0.1887110847457627,APPLE Inc
20230823,0.20659814285714287,APPLE Inc
20230824,0.1720368108108108,APPLE Inc
20230901,0.16658070149253734,APPLE Inc
20230902,0.215613,APPLE Inc
20230903,0.14053225,APPLE Inc
20230904,0.1994881666666667,APPLE Inc
20230905,0.15118648837209303,APPLE Inc
20230906,0.0684286153846154,APPLE Inc
20230907,0.05031446808510639,APPLE Inc
20230908,0.10922788079470197,APPLE Inc
20230909,0.07002823076923076,APPLE Inc
20230910,0.09063019047619048,APPLE Inc
20230911,0.14688514035087719,APPLE Inc
20230912,0.17328473333333336,APPLE Inc
20230913,0.1282144861111111,APPLE Inc
20230914,0.10671397391304346,APPLE Inc
20230915,0.16571476699029125,APPLE Inc
20230916,0.24027985714285713,APPLE Inc
20230917,0.22321166666666667,APPLE Inc
20230918,0.16495062857142861,APPLE Inc
20230919,0.12078511475409835,APPLE Inc
20230920,0.16165338805970153,APPLE Inc
20230921,0.13038099999999997,APPLE Inc
20231101,0.12611986666666666,APPLE Inc
20231102,0.11939694230769235,APPLE Inc
20231103,0.1679852393162393,APPLE Inc
20231104,0.1479633846153846,APPLE Inc
20231105,0.10841559999999999,APPLE Inc
20231106,0.1715828857142857,APPLE Inc
20231107,0.11774850000000002,APPLE Inc
20231108,0.19045772972972974,APPLE Inc
20231109,0.15448521875,APPLE Inc
20231110,0.14783536111111112,APPLE Inc
20231111,0.14758616666666666,APPLE Inc
20231112,0.17724292307692305,APPLE Inc
20231113,0.17815766666666666,APPLE Inc
20231114,0.15799007058823528,APPLE Inc
20231115,0.16215063636363639,APPLE Inc
20231116,0.16411346666666665,APPLE Inc
20231117,0.15477710843373496,APPLE Inc
20231118,0.07970046153846154,APPLE Inc
20231119,0.22291179999999997,APPLE Inc
20231120,0.15760257777777775,APPLE Inc
20231121,0.1421384,APPLE Inc
20231122,0.169390625,APPLE Inc
20231123,0.16715707692307694,APPLE Inc
20231124,0.20525098550724638,APPLE Inc
20231125,0.17209116666666668,APPLE Inc
20231126,0.336897,APPLE Inc
20231127,0.1782038571428571,APPLE Inc
20231128,0.2242579090909091,APPLE Inc
20231129,0.136787625,APPLE Inc
20240101,0.14916516666666665,APPLE Inc
20240102,0.1433256285714286,APPLE Inc
20240103,0.12772428571428573,APPLE Inc
20240104,0.14541003896103893,APPLE Inc
20240105,0.15392514285714287,APPLE Inc
20240106,0.08953884210526315,APPLE Inc
20240107,0.09030053333333334,APPLE Inc
20240108,0.20689011111111108,APPLE Inc
20240109,0.16293768181818183,APPLE Inc
20240110,0.15879588235294118,APPLE Inc
20240111,0.18979445833333333,APPLE Inc
20240112,0.16602986046511628,APPLE Inc
20240113,0.1592274827586207,APPLE Inc
20240114,0.16830122222222224,APPLE Inc
20240115,0.17762861904761906,APPLE Inc
20240116,0.14408258333333335,APPLE Inc
20240117,0.17320960975609756,APPLE Inc
20240118,0.14986676744186045,APPLE Inc
20240119,0.14237639583333336,APPLE Inc
20240120,0.25258375,APPLE Inc
20240121,0.20280063157894737,APPLE Inc
20240122,0.1958777752808989,APPLE Inc
20240123,0.19582751351351352,APPLE Inc
20240124,0.177659,APPLE Inc
20240125,0.15157497674418605,APPLE Inc
20240126,0.20573591666666666,APPLE Inc
20240301,0.20398599999999997,APPLE Inc
20240302,0.1981752222222222,APPLE Inc
20240303,0.16147662857142858,APPLE Inc
20240304,0.15813704123711345,APPLE Inc
20240305,0.12224694871794871,APPLE Inc
20240306,0.12600606122448976,APPLE Inc
20240307,0.14660267857142856,APPLE Inc
20240308,0.18207356603773586,APPLE Inc
20240309,0.14598174074074072,APPLE Inc
20240310,0.1546324482758621,APPLE Inc
20240311,0.21985565384615385,APPLE Inc
20240312,0.17296561904761906,APPLE Inc
20240313,0.18240056,APPLE Inc
20240314,0.17239055999999997,APPLE Inc
20240315,0.1994543673469388,APPLE Inc
20240316,0.2010066,APPLE Inc
20240317,0.22764483333333338,APPLE Inc
20240318,0.18817472222222223,APPLE Inc
20240319,0.16026630120481927,APPLE Inc
20240320,0.1619093125,APPLE Inc
20240321,0.1083559290780142,APPLE Inc
20240322,0.1309087555555556,APPLE Inc
20240323,0.15863338461538462,APPLE Inc
20240324,0.1933452580645161,APPLE Inc
20240325,0.12311414814814814,APPLE Inc
20240326,0.18734610714285718,APPLE Inc
20240327,0.149850875,APPLE Inc
20220303,0.006012555555555557,NVIDIA Corp
20220304,-0.0933155,NVIDIA Corp
20220306,-0.365286,NVIDIA Corp
20220307,-0.0895911,NVIDIA Corp
20220308,0.03986292207792208,NVIDIA Corp
20220309,0.03693163636363636,NVIDIA Corp
20220310,-0.06253835294117648,NVIDIA Corp
20220311,-0.029618025,NVIDIA Corp
20220312,-0.08246772000000002,NVIDIA Corp
20220314,-0.25630290243902437,NVIDIA Corp
20220315,-0.035544294117647056,NVIDIA Corp
20220316,0.07960873684210527,NVIDIA Corp
20220317,-0.03445789999999999,NVIDIA Corp
20220318,-0.06942200000000001,NVIDIA Corp
20220319,-0.08606982608695651,NVIDIA Corp
20220320,0.08412833333333335,NVIDIA Corp
20220321,-0.04663404255319149,NVIDIA Corp
20220322,0.0009530967741935471,NVIDIA Corp
20220323,0.00044827692307692306,NVIDIA Corp
20220324,-0.08578614285714284,NVIDIA Corp
20220325,-0.026938152941176477,NVIDIA Corp
20220326,-0.011325,NVIDIA Corp
20220327,-0.015747299999999995,NVIDIA Corp
20220328,0.023295000000000003,NVIDIA Corp
20220329,0.06805466666666667,NVIDIA Corp
20220330,-0.059007541284403664,NVIDIA Corp
20220331,0.012791389830508478,NVIDIA Corp
20220401,-0.022695461538461543,NVIDIA Corp
20220402,0.10596625,NVIDIA Corp
20220403,-0.0073492,NVIDIA Corp
20220404,0.05089150000000001,NVIDIA Corp
20220405,-0.0447809696969697,NVIDIA Corp
20220406,-0.05479866666666666,NVIDIA Corp
20220407,-0.09625192,NVIDIA Corp
20220408,-0.19941681896551725,NVIDIA Corp
20220409,0.11595387500000001,NVIDIA Corp
20220410,0.045200000000000004,NVIDIA Corp
20220411,-0.0959884938271605,NVIDIA Corp
20220412,-0.16007930769230772,NVIDIA Corp
20220413,-0.015025491803278685,NVIDIA Corp
20220414,-0.020758333333333333,NVIDIA Corp
20220415,0.021620157894736838,NVIDIA Corp
20220416,0.15057399999999999,NVIDIA Corp
20220418,-0.0259189,NVIDIA Corp
20220419,0.0042994166666666675,NVIDIA Corp
20220420,-0.06604718867924528,NVIDIA Corp
20220421,-0.12378414736842104,NVIDIA Corp
20220422,-0.10088882352941175,NVIDIA Corp
20220423,0.026280833333333337,NVIDIA Corp
20220424,-0.072272,NVIDIA Corp
20220425,0.03721725000000001,NVIDIA Corp
20220426,-0.06055136363636364,NVIDIA Corp
20220427,-0.1024153125,NVIDIA Corp
20220428,-0.0009183589743589701,NVIDIA Corp
20220429,-0.07170983333333333,NVIDIA Corp
20220430,-0.024777538461538462,NVIDIA Corp
20220502,-0.1388281181818182,NVIDIA Corp
20220503,-0.010362888888888894,NVIDIA Corp
20220504,-0.08445485,NVIDIA Corp
20220505,-0.04029491489361703,NVIDIA Corp
20220506,-0.06350816279069767,NVIDIA Corp
20220507,-0.22032466666666664,NVIDIA Corp
20220508,-0.06551757142857143,NVIDIA Corp
20220509,-0.1430528181818182,NVIDIA Corp
20220510,-0.022165636363636363,NVIDIA Corp
20220511,0.03349590909090909,NVIDIA Corp
20220512,-0.15801484615384617,NVIDIA Corp
20220513,-0.07843558490566038,NVIDIA Corp
20220514,0.198178,NVIDIA Corp
20220515,-0.11299018181818181,NVIDIA Corp
20220516,-0.16632575000000002,NVIDIA Corp
20220517,0.007728730769230766,NVIDIA Corp
20220518,-0.07673489285714286,NVIDIA Corp
20220519,-0.1156756,NVIDIA Corp
20220520,-0.17019876666666667,NVIDIA Corp
20220521,-0.31236933333333333,NVIDIA Corp
20220522,-0.23253211111111108,NVIDIA Corp
20220523,-0.041378318181818176,NVIDIA Corp
20220524,0.006210565217391306,NVIDIA Corp
20220525,-0.06529303738317757,NVIDIA Corp
20220526,-0.07288466459627327,NVIDIA Corp
20220527,0.0033892307692307702,NVIDIA Corp
20220528,-0.036758799999999994,NVIDIA Corp
20220529,-0.0070571538461538475,NVIDIA Corp
20220530,0.17642576,NVIDIA Corp
20220531,-0.042867640000000005,NVIDIA Corp
20220601,0.0015652999999999976,NVIDIA Corp
20220602,-0.11765612345679012,NVIDIA Corp
20220603,-0.0587789069767442,NVIDIA Corp
20220604,-0.006616499999999999,NVIDIA Corp
20220605,-0.034925000000000005,NVIDIA Corp
20220606,0.05976058064516129,NVIDIA Corp
20220607,0.10752700000000004,NVIDIA Corp
20220608,-0.04467913333333332,NVIDIA Corp
20220609,0.005048461538461537,NVIDIA Corp
20220610,-0.13095750746268653,NVIDIA Corp
20220611,-0.08804175,NVIDIA Corp
20220612,0.13733879999999998,NVIDIA Corp
20220613,-0.06620485714285713,NVIDIA Corp
20220614,-0.0036939130434782575,NVIDIA Corp
20220615,0.002633200000000005,NVIDIA Corp
20220616,-0.055794642857142855,NVIDIA Corp
20220617,-0.18688102222222222,NVIDIA Corp
20220619,-0.008984,NVIDIA Corp
20220620,-0.04878600000000001,NVIDIA Corp
20220621,-0.024355499999999995,NVIDIA Corp
20220622,0.03028478947368421,NVIDIA Corp
20220623,0.011090555555555558,NVIDIA Corp
20220624,-0.03366564705882352,NVIDIA Corp
20220625,0.026875,NVIDIA Corp
20220626,0.284964,NVIDIA Corp
20220627,0.03385193333333332,NVIDIA Corp
20220628,0.030240294117647053,NVIDIA Corp
20220629,0.012685703703703703,NVIDIA Corp
20220630,-0.06263084313725491,NVIDIA Corp
20220701,-0.23899166153846152,NVIDIA Corp
20220702,-0.115138,NVIDIA Corp
20220703,-0.026724,NVIDIA Corp
20220704,0.271152,NVIDIA Corp
20220705,-0.11632368292682929,NVIDIA Corp
20220706,-0.09004351515151515,NVIDIA Corp
20220707,-0.0032934186046511705,NVIDIA Corp
20220708,-0.007590599999999998,NVIDIA Corp
20220709,0.25139225,NVIDIA Corp
20220710,-0.0015417272727272753,NVIDIA Corp
20220711,0.02462558333333333,NVIDIA Corp
20220712,0.04109025000000001,NVIDIA Corp
20220713,0.16505690697674422,NVIDIA Corp
20220714,0.13980045454545456,NVIDIA Corp
20220715,0.16508672727272727,NVIDIA Corp
20220716,0.12830433333333333,NVIDIA Corp
20220718,0.1697055811965812,NVIDIA Corp
20220719,0.12150330303030303,NVIDIA Corp
20220720,0.09302174285714285,NVIDIA Corp
20220721,0.11357038775510205,NVIDIA Corp
20220722,0.06174366666666667,NVIDIA Corp
20220723,0.20445057142857143,NVIDIA Corp
20220724,0.11431225,NVIDIA Corp
20220725,0.09610029032258062,NVIDIA Corp
20220726,0.09253700000000002,NVIDIA Corp
20220727,0.1494089411764706,NVIDIA Corp
20220728,0.15443766666666667,NVIDIA Corp
20220729,0.21782464285714284,NVIDIA Corp
20220730,0.12496533333333333,NVIDIA Corp
20220731,0.20340350000000001,NVIDIA Corp
20220801,0.07023111764705882,NVIDIA Corp
20220802,0.012631185714285712,NVIDIA Corp
20220803,0.08053197435897434,NVIDIA Corp
20220804,0.13357353846153847,NVIDIA Corp
20220805,0.16350914814814815,NVIDIA Corp
20220806,0.208508,NVIDIA Corp
20220807,0.041,NVIDIA Corp
20220808,0.02435256756756757,NVIDIA Corp
20220809,0.03573101169590642,NVIDIA Corp
20220810,-0.008133239669421486,NVIDIA Corp
20220811,0.1586924285714286,NVIDIA Corp
20220812,0.041100620253164556,NVIDIA Corp
20220813,0.12321957142857144,NVIDIA Corp
20220814,0.09157749999999998,NVIDIA Corp
20220815,0.11227721052631577,NVIDIA Corp
20220816,0.17121375000000003,NVIDIA Corp
20220817,0.10867916666666666,NVIDIA Corp
20220818,0.16078677777777778,NVIDIA Corp
20220819,0.0650358181818182,NVIDIA Corp
20220820,0.103418,NVIDIA Corp
20220821,0.043819717948717946,NVIDIA Corp
20220822,0.050821066666666664,NVIDIA Corp
20220823,0.05248595833333333,NVIDIA Corp
20220824,0.026961705128205126,NVIDIA Corp
20220825,0.03848626086956522,NVIDIA Corp
20220826,0.06789936,NVIDIA Corp
20220827,0.15671631578947368,NVIDIA Corp
20220828,0.21315975,NVIDIA Corp
20220829,0.08258270000000002,NVIDIA Corp
20220830,0.056287734693877545,NVIDIA Corp
20220831,-0.027129249999999997,NVIDIA Corp
20220901,-0.01894205369127517,NVIDIA Corp
20220902,0.052691433628318594,NVIDIA Corp
20220903,-0.0010508666666666703,NVIDIA Corp
20220904,0.03708461538461538,NVIDIA Corp
20220905,0.06452000000000001,NVIDIA Corp
20220906,0.11830160824742265,NVIDIA Corp
20220907,0.12899479310344827,NVIDIA Corp
20220908,0.13541099999999998,NVIDIA Corp
20220909,0.11509329032258066,NVIDIA Corp
20220910,0.13140492307692309,NVIDIA Corp
20220911,0.09380360000000001,NVIDIA Corp
20220912,0.09975845652173913,NVIDIA Corp
20220913,0.09173060784313723,NVIDIA Corp
20220914,0.017220694444444448,NVIDIA Corp
20220915,0.08962338095238095,NVIDIA Corp
20220916,0.10234567346938775,NVIDIA Corp
20220917,0.1092554,NVIDIA Corp
20220918,0.03228080952380953,NVIDIA Corp
20220919,0.047597433962264145,NVIDIA Corp
20220920,0.19438838582677168,NVIDIA Corp
20220921,0.12258766666666669,NVIDIA Corp
20220922,0.05880164102564103,NVIDIA Corp
20220923,0.02715237209302326,NVIDIA Corp
20220924,0.01530405882352941,NVIDIA Corp
20220925,0.04602083333333334,NVIDIA Corp
20220926,0.12420372727272727,NVIDIA Corp
20220927,0.14567479104477613,NVIDIA Corp
20220928,0.0921757818181818,NVIDIA Corp
20220929,0.025983704545454546,NVIDIA Corp
20220930,0.03989001960784314,NVIDIA Corp
20221001,0.14000833333333335,NVIDIA Corp
20221002,0.057551733333333334,NVIDIA Corp
20221003,0.07775742105263157,NVIDIA Corp
20221004,0.08140033898305082,NVIDIA Corp
20221005,0.04968161702127659,NVIDIA Corp
20221006,0.061797245283018866,NVIDIA Corp
20221007,-0.00443380412371134,NVIDIA Corp
20221008,-0.015789653846153856,NVIDIA Corp
20221009,0.15625899999999998,NVIDIA Corp
20221010,0.08351189156626504,NVIDIA Corp
20221011,0.052368739130434785,NVIDIA Corp
20221012,0.04620276623376624,NVIDIA Corp
20221013,0.07314969230769229,NVIDIA Corp
20221014,-0.05587138636363636,NVIDIA Corp
20221015,0.15019157142857145,NVIDIA Corp
20221016,0.12620800000000001,NVIDIA Corp
20221017,0.06900819047619047,NVIDIA Corp
20221018,0.17121380000000003,NVIDIA Corp
20221019,0.15305569230769228,NVIDIA Corp
20221020,0.1314537142857143,NVIDIA Corp
20221021,0.1503092222222222,NVIDIA Corp
20221022,-0.049268,NVIDIA Corp
20221023,0.1779956,NVIDIA Corp
20221024,0.14479697142857142,NVIDIA Corp
20221025,0.12461843750000001,NVIDIA Corp
20221026,0.14605410344827585,NVIDIA Corp
20221027,0.1492564705882353,NVIDIA Corp
20221028,0.12757054054054054,NVIDIA Corp
20221029,0.04430018181818182,NVIDIA Corp
20221030,0.336416,NVIDIA Corp
20221031,0.08306394117647059,NVIDIA Corp
20221101,0.14780916666666666,NVIDIA Corp
20221102,0.1662818709677419,NVIDIA Corp
20221103,0.09224996,NVIDIA Corp
20221104,0.07005116666666665,NVIDIA Corp
20221105,0.11076,NVIDIA Corp
20221106,0.0001079333333333358,NVIDIA Corp
20221107,0.13121533333333332,NVIDIA Corp
20221108,0.06573606097560976,NVIDIA Corp
20221109,0.03614170000000001,NVIDIA Corp
20221110,0.07781733333333334,NVIDIA Corp
20221111,0.053793333333333325,NVIDIA Corp
20221112,-0.030871230769230765,NVIDIA Corp
20221113,-0.01168375,NVIDIA Corp
20221114,0.08334325714285713,NVIDIA Corp
20221115,0.07808872448979594,NVIDIA Corp
20221116,0.030650022900763355,NVIDIA Corp
20221117,0.05349501612903224,NVIDIA Corp
20221118,0.08140316666666668,NVIDIA Corp
20221119,0.062504,NVIDIA Corp
20221120,0.19963133333333336,NVIDIA Corp
20221121,0.12754030769230768,NVIDIA Corp
20221122,0.1362108064516129,NVIDIA Corp
20221123,0.09152461290322579,NVIDIA Corp
20221124,0.14826256250000003,NVIDIA Corp
20221125,0.1271486842105263,NVIDIA Corp
20221126,0.22681775,NVIDIA Corp
20221127,0.13134213043478263,NVIDIA Corp
20221128,-0.0027054347826087023,NVIDIA Corp
20221129,0.18900962500000001,NVIDIA Corp
20221130,0.09456912,NVIDIA Corp
20221201,0.12244607142857142,NVIDIA Corp
20221202,0.1192308,NVIDIA Corp
20221203,0.13144324999999998,NVIDIA Corp
20221204,0.18909499999999999,NVIDIA Corp
20221205,0.13040906666666666,NVIDIA Corp
20221206,0.0912979411764706,NVIDIA Corp
20221207,0.09714974,NVIDIA Corp
20221208,0.04974766666666667,NVIDIA Corp
20221209,0.1260512962962963,NVIDIA Corp
20221210,0.04188546666666666,NVIDIA Corp
20221211,-0.00236,NVIDIA Corp
20221212,0.18909276470588238,NVIDIA Corp
20221213,0.08572710000000001,NVIDIA Corp
20221214,0.16703582857142862,NVIDIA Corp
20221215,0.09150887499999999,NVIDIA Corp
20221216,0.11338546153846155,NVIDIA Corp
20221217,0.1648307333333333,NVIDIA Corp
20221218,0.0859846,NVIDIA Corp
20221219,0.15772711764705882,NVIDIA Corp
20221220,0.12499727500000002,NVIDIA Corp
20221221,0.1749485,NVIDIA Corp
20221222,0.08720996153846156,NVIDIA Corp
20221223,0.013028610169491524,NVIDIA Corp
20221224,-0.037298200000000004,NVIDIA Corp
20221225,0.08374886666666667,NVIDIA Corp
20221226,-0.05680876470588235,NVIDIA Corp
20221227,0.0799899,NVIDIA Corp
20221228,0.14775948648648649,NVIDIA Corp
20221229,0.17193333333333333,NVIDIA Corp
20221230,0.155419,NVIDIA Corp
20221231,0.141816,NVIDIA Corp
20230101,0.05169169999999999,NVIDIA Corp
20230102,0.042860166666666664,NVIDIA Corp
20230103,0.1903157777777778,NVIDIA Corp
20230104,0.12725235294117648,NVIDIA Corp
20230105,0.21411080392156867,NVIDIA Corp
20230106,0.11545860937500001,NVIDIA Corp
20230107,0.21006216037735848,NVIDIA Corp
20230108,0.1627854328358209,NVIDIA Corp
20230109,0.110103,NVIDIA Corp
20230110,0.15244102127659576,NVIDIA Corp
20230111,0.11511416666666668,NVIDIA Corp
20230112,0.08254465,NVIDIA Corp
20230113,0.09417514285714286,NVIDIA Corp
20230114,0.110523,NVIDIA Corp
20230115,0.15564463636363637,NVIDIA Corp
20230116,0.14573066666666668,NVIDIA Corp
20230117,0.20849340000000002,NVIDIA Corp
20230118,0.1915316956521739,NVIDIA Corp
20230119,0.036705637931034485,NVIDIA Corp
20230120,0.04180890697674419,NVIDIA Corp
20230121,0.07724375,NVIDIA Corp
20230122,0.16580079999999997,NVIDIA Corp
20230123,0.13070891836734694,NVIDIA Corp
20230124,0.15283782352941175,NVIDIA Corp
20230125,0.20784771428571427,NVIDIA Corp
20230126,0.17180531914893615,NVIDIA Corp
20230127,0.06167996428571428,NVIDIA Corp
20230128,0.0074915999999999984,NVIDIA Corp
20230129,0.110564625,NVIDIA Corp
20230130,0.1505968285714286,NVIDIA Corp
20230131,0.16550766666666664,NVIDIA Corp
20230201,0.12067563265306122,NVIDIA Corp
20230202,0.15747882352941178,NVIDIA Corp
20230203,0.1789524,NVIDIA Corp
20230204,0.23381675000000002,NVIDIA Corp
20230205,0.346871,NVIDIA Corp
20230206,0.11903341666666667,NVIDIA Corp
20230207,0.19285419047619048,NVIDIA Corp
20230208,0.17564553846153846,NVIDIA Corp
20230209,0.13943437777777778,NVIDIA Corp
20230210,0.20156054054054054,NVIDIA Corp
20230211,0.1316311818181818,NVIDIA Corp
20230212,-0.009380363636363636,NVIDIA Corp
20230213,0.18967922222222222,NVIDIA Corp
20230214,0.21173303448275863,NVIDIA Corp
20230215,0.1371820857142857,NVIDIA Corp
20230216,0.030963546874999998,NVIDIA Corp
20230217,0.12118911627906975,NVIDIA Corp
20230218,0.034446666666666674,NVIDIA Corp
20230219,0.09857700000000001,NVIDIA Corp
20230220,0.09972414285714284,NVIDIA Corp
20230221,0.0896437951807229,NVIDIA Corp
20230222,0.10040966037735849,NVIDIA Corp
20230223,0.10808591902834006,NVIDIA Corp
20230224,0.20887332911392406,NVIDIA Corp
20230225,0.13155,NVIDIA Corp
20230226,0.16816755555555557,NVIDIA Corp
20230227,0.15276425675675673,NVIDIA Corp
20230228,0.11321175324675324,NVIDIA Corp
20230301,0.09314056862745097,NVIDIA Corp
20230302,0.18951191666666664,NVIDIA Corp
20230303,0.12874718867924528,NVIDIA Corp
20230304,0.16752500000000003,NVIDIA Corp
20230305,0.22168533333333335,NVIDIA Corp
20230306,0.15264830000000001,NVIDIA Corp
20230307,0.21519771999999995,NVIDIA Corp
20230308,0.10011482978723403,NVIDIA Corp
20230309,0.11651049999999999,NVIDIA Corp
20230310,0.3610018571428571,NVIDIA Corp
20230311,0.23310166666666668,NVIDIA Corp
20230312,0.29941,NVIDIA Corp
20230313,0.12354658333333333,NVIDIA Corp
20230314,0.15675131578947368,NVIDIA Corp
20230315,0.08499296774193549,NVIDIA Corp
20230316,0.1369965806451613,NVIDIA Corp
20230317,0.1487058279569892,NVIDIA Corp
20230318,0.21941125000000003,NVIDIA Corp
20230319,0.022047615384615384,NVIDIA Corp
20230320,0.1363885,NVIDIA Corp
20230321,0.17749059322033897,NVIDIA Corp
20230322,0.1873229801980198,NVIDIA Corp
20230323,0.13827527272727272,NVIDIA Corp
20230324,0.06589101162790698,NVIDIA Corp
20230325,0.10745960000000002,NVIDIA Corp
20230326,0.1762466666666667,NVIDIA Corp
20230327,0.15107581355932204,NVIDIA Corp
20230328,0.11506941999999999,NVIDIA Corp
20230329,0.1328942142857143,NVIDIA Corp
20230330,0.15168966129032257,NVIDIA Corp
20230331,0.0973205606060606,NVIDIA Corp
20230401,0.14886837037037037,NVIDIA Corp
20230402,0.0639455652173913,NVIDIA Corp
20230403,0.1893648,NVIDIA Corp
20230404,0.16856237209302324,NVIDIA Corp
20230405,0.0425231590909091,NVIDIA Corp
20230406,0.1462341923076923,NVIDIA Corp
20230407,0.19525783333333335,NVIDIA Corp
20230408,0.247443,NVIDIA Corp
20230409,0.31986945454545457,NVIDIA Corp
20230410,0.18204763999999993,NVIDIA Corp
20230411,0.13890639024390244,NVIDIA Corp
20230412,0.1360122328767123,NVIDIA Corp
20230413,0.1744504166666667,NVIDIA Corp
20230414,0.12754826000000002,NVIDIA Corp
20230415,0.08955114285714284,NVIDIA Corp
20230416,0.21425475,NVIDIA Corp
20230417,0.14946227586206898,NVIDIA Corp
20230418,0.15519042424242424,NVIDIA Corp
20230419,0.13514881395348838,NVIDIA Corp
20230420,0.03409212162162161,NVIDIA Corp
20230421,0.07753058823529412,NVIDIA Corp
20230422,0.15179466666666666,NVIDIA Corp
20230423,0.1492426923076923,NVIDIA Corp
20230424,0.18451033333333333,NVIDIA Corp
20230425,0.1446025789473684,NVIDIA Corp
20230426,0.11910345614035088,NVIDIA Corp
20230427,0.0955895909090909,NVIDIA Corp
20230428,0.13319822222222222,NVIDIA Corp
20230429,0.1258057777777778,NVIDIA Corp
20230430,0.16304320000000003,NVIDIA Corp
20230501,0.1602425238095238,NVIDIA Corp
20230502,0.10977075,NVIDIA Corp
20230503,0.10614014035087721,NVIDIA Corp
20230504,0.1385381224489796,NVIDIA Corp
20230505,0.1861934705882353,NVIDIA Corp
20230506,0.11685733333333331,NVIDIA Corp
20230507,0.18187859999999997,NVIDIA Corp
20230508,0.14051017647058822,NVIDIA Corp
20230509,0.12239041379310343,NVIDIA Corp
20230510,0.11973350746268657,NVIDIA Corp
20230511,0.1850095714285714,NVIDIA Corp
20230512,0.1516830434782609,NVIDIA Corp
20230513,0.1583022,NVIDIA Corp
20230514,0.16588057894736843,NVIDIA Corp
20230515,0.09890342222222223,NVIDIA Corp
20230516,0.09195775362318839,NVIDIA Corp
20230517,0.21894195384615384,NVIDIA Corp
20230518,0.20167468292682925,NVIDIA Corp
20230519,0.16235581818181818,NVIDIA Corp
20230520,0.21718309465020577,NVIDIA Corp
20230521,0.2412406256410256,NVIDIA Corp
20230522,0.17950761313868613,NVIDIA Corp
20230601,0.12943301886792452,NVIDIA Corp
20230602,0.12589404225352113,NVIDIA Corp
20230603,0.1118183076923077,NVIDIA Corp
20230604,0.1413823846153846,NVIDIA Corp
20230605,0.13828396710526314,NVIDIA Corp
20230606,0.1683915448275862,NVIDIA Corp
20230607,0.14797348571428573,NVIDIA Corp
20230608,0.13270383870967742,NVIDIA Corp
20230609,0.13046882236842103,NVIDIA Corp
20230610,0.182243,NVIDIA Corp
20230611,0.14710292499999997,NVIDIA Corp
20230612,0.17939944262295077,NVIDIA Corp
20230613,0.164582275,NVIDIA Corp
20230614,0.15817560264900662,NVIDIA Corp
20230615,0.1536101811594203,NVIDIA Corp
20230616,0.12835371874999998,NVIDIA Corp
20230701,0.12256378378378378,NVIDIA Corp
20230702,0.15864599999999998,NVIDIA Corp
20230703,0.18675311510791365,NVIDIA Corp
20230704,0.055310294871794875,NVIDIA Corp
20230705,0.11995997163120566,NVIDIA Corp
20230706,0.17531405833333336,NVIDIA Corp
20230707,0.11685866929133859,NVIDIA Corp
20230708,0.17801637837837836,NVIDIA Corp
20230709,0.1958922857142857,NVIDIA Corp
20230710,0.15381615384615385,NVIDIA Corp
20230711,0.20029214615384613,NVIDIA Corp
20230712,0.12745817073170734,NVIDIA Corp
20230713,0.1596017819548872,NVIDIA Corp
20230714,0.11164781967213114,NVIDIA Corp
20230715,0.052559375,NVIDIA Corp
20230716,0.210041875,NVIDIA Corp
20230717,0.19803249253731342,NVIDIA Corp
20230718,0.11410973103448274,NVIDIA Corp
20230719,0.1515929913043478,NVIDIA Corp
20230801,0.12457057142857143,NVIDIA Corp
20230802,0.09204899285714287,NVIDIA Corp
20230803,0.10201247959183672,NVIDIA Corp
20230804,0.18886870731707317,NVIDIA Corp
20230805,0.13424248387096774,NVIDIA Corp
20230806,0.13809924137931034,NVIDIA Corp
20230807,0.1444992380952381,NVIDIA Corp
20230808,0.14828322377622374,NVIDIA Corp
20230809,0.1557205052631579,NVIDIA Corp
20230810,0.15057594202898547,NVIDIA Corp
20230811,0.14179729166666669,NVIDIA Corp
20230812,0.1310487777777778,NVIDIA Corp
20230813,0.1792806875,NVIDIA Corp
20230814,0.15169326717557252,NVIDIA Corp
20230815,0.14657280628272254,NVIDIA Corp
20230816,0.09522637404580152,NVIDIA Corp
20230817,0.11162044354838711,NVIDIA Corp
20230818,0.0575136875,NVIDIA Corp
20230901,0.17456646031746031,NVIDIA Corp
20230902,0.10238480000000001,NVIDIA Corp
20230903,0.17907058333333328,NVIDIA Corp
20230904,0.19438628000000002,NVIDIA Corp
20230905,0.1761328787878788,NVIDIA Corp
20230906,0.15799425663716815,NVIDIA Corp
20230907,0.1003537365269461,NVIDIA Corp
20230908,0.16883011180124224,NVIDIA Corp
20230909,0.18733825806451615,NVIDIA Corp
20230910,0.1854061351351351,NVIDIA Corp
20230911,0.16739917857142855,NVIDIA Corp
20230912,0.17006730303030304,NVIDIA Corp
20230913,0.14384111111111111,NVIDIA Corp
20230914,0.14632429824561402,NVIDIA Corp
20230915,0.15886322651933701,NVIDIA Corp
20230916,0.11624794117647058,NVIDIA Corp
20230917,0.21755199999999997,NVIDIA Corp
20230918,0.16774907317073173,NVIDIA Corp
20231101,0.15619723456790124,NVIDIA Corp
20231102,0.16139299280575542,NVIDIA Corp
20231103,0.14506679279279278,NVIDIA Corp
20231104,0.163492,NVIDIA Corp
20231105,0.17522666666666664,NVIDIA Corp
20231106,0.19762045454545454,NVIDIA Corp
20231107,0.1716782048192771,NVIDIA Corp
20231108,0.1969858909090909,NVIDIA Corp
20231109,0.16465340869565223,NVIDIA Corp
20231110,0.204849652173913,NVIDIA Corp
20231111,0.31089113333333335,NVIDIA Corp
20231112,0.19622162962962958,NVIDIA Corp
20231113,0.2102304234234234,NVIDIA Corp
20231114,0.19474065217391306,NVIDIA Corp
20231115,0.2142759319727891,NVIDIA Corp
20231116,0.15800031250000002,NVIDIA Corp
20231117,0.13994408450704227,NVIDIA Corp
20231118,0.24528558333333336,NVIDIA Corp
20231119,0.22002745238095237,NVIDIA Corp
20231120,0.06889279310344827,NVIDIA Corp
20240101,0.18022505,NVIDIA Corp
20240102,0.14912412820512821,NVIDIA Corp
20240103,0.20078880821917808,NVIDIA Corp
20240104,0.16076135329341318,NVIDIA Corp
20240105,0.18392619298245616,NVIDIA Corp
20240106,0.19721983018867922,NVIDIA Corp
20240107,0.16363992857142853,NVIDIA Corp
20240108,0.22850163583815028,NVIDIA Corp
20240109,0.21507312422360253,NVIDIA Corp
20240110,0.22898638636363638,NVIDIA Corp
20240111,0.18694475238095234,NVIDIA Corp
20240112,0.13182298058252426,NVIDIA Corp
20240113,0.20952423076923077,NVIDIA Corp
20240114,0.14036740000000003,NVIDIA Corp
20240115,0.2175544891304348,NVIDIA Corp
20240116,0.15123261607142857,NVIDIA Corp
20240117,0.21036532653061227,NVIDIA Corp
20240301,0.21796252803738317,NVIDIA Corp
20240302,0.20993815,NVIDIA Corp
20240303,0.20188674647887325,NVIDIA Corp
20240304,0.18010112083333332,NVIDIA Corp
20240305,0.18890862371134018,NVIDIA Corp
20240306,0.18797658378378376,NVIDIA Corp
20240307,0.19673186813186813,NVIDIA Corp
20240308,0.16997180995475117,NVIDIA Corp
20240309,0.19436414084507042,NVIDIA Corp
20240310,0.18704335106382983,NVIDIA Corp
20240311,0.16773149438202248,NVIDIA Corp
20220301,-0.12433358333333333,Tesla Inc
20220302,-0.04135625806451613,Tesla Inc
20220303,-0.085925625,Tesla Inc
20220304,0.021971033333333334,Tesla Inc
20220305,-0.2514055,Tesla Inc
20220306,-0.05915533333333334,Tesla Inc
20220307,-0.047263936046511634,Tesla Inc
20220308,-0.1130802894736842,Tesla Inc
20220309,-0.07991207960199004,Tesla Inc
20220310,-0.04869675294117647,Tesla Inc
20220311,-0.08328367295597484,Tesla Inc
20220312,-0.054531967741935486,Tesla Inc
20220313,-0.11709417647058822,Tesla Inc
20220314,-0.0865405534591195,Tesla Inc
20220315,-0.08528459398496241,Tesla Inc
20220316,-0.06838327956989247,Tesla Inc
20220317,-0.08403818115942027,Tesla Inc
20220318,-0.08262422222222222,Tesla Inc
20220401,-0.09421770517928287,Tesla Inc
20220402,-0.027367204724409448,Tesla Inc
20220403,-0.056272890909090906,Tesla Inc
20220404,-0.04998378008298755,Tesla Inc
20220405,-0.08234531343283583,Tesla Inc
20220406,-0.06757951069518717,Tesla Inc
20220407,-0.03532748148148148,Tesla Inc
20220501,-0.10435822556390977,Tesla Inc
20220502,-0.13356653267973856,Tesla Inc
20220503,-0.07745552083333335,Tesla Inc
20220504,-0.045544357976653696,Tesla Inc
20220505,-0.09665509743589742,Tesla Inc
20220506,-0.11095372549019607,Tesla Inc
20220507,-0.03844124096385542,Tesla Inc
20220508,-0.10059142187499998,Tesla Inc
20220509,-0.09364965350877191,Tesla Inc
20220510,-0.17108623548387097,Tesla Inc
20220601,-0.1135509190140845,Tesla Inc
20220602,-0.09394962626262628,Tesla Inc
20220603,-0.17333890043290043,Tesla Inc
20220604,-0.16269081111111108,Tesla Inc
20220605,-0.12371114062500001,Tesla Inc
20220606,-0.16440920489296637,Tesla Inc
20220607,-0.09763164251207732,Tesla Inc
20220608,-0.11219194347826088,Tesla Inc
20220609,-0.11711004624277456,Tesla Inc
20220610,-0.09933662837837838,Tesla Inc
20220701,-0.11682855882352942,Tesla Inc
20220702,-0.11815834814814816,Tesla Inc
20220703,-0.11850077142857143,Tesla Inc
20220704,-0.09991446666666666,Tesla Inc
20220705,-0.09814454913294796,Tesla Inc
20220706,-0.06597421078431373,Tesla Inc
20220707,-0.10480195852534564,Tesla Inc
20220708,-0.08617592405063293,Tesla Inc
20220709,0.03397568695652174,Tesla Inc
20220710,0.05555508,Tesla Inc
20220711,0.0046682293233082685,Tesla Inc
20220712,0.06059742605633802,Tesla Inc
20220713,0.054159510489510496,Tesla Inc
20220714,0.1061671818181818,Tesla Inc
20220801,0.11131995488721806,Tesla Inc
20220802,0.05762658139534884,Tesla Inc
20220803,0.1071171082802548,Tesla Inc
20220804,0.07728794331983804,Tesla Inc
20220805,0.05469434545454545,Tesla Inc
20220806,0.008567445783132531,Tesla Inc
20220807,0.11798729787234043,Tesla Inc
20220808,0.10690633333333333,Tesla Inc
20220809,0.054614700892857145,Tesla Inc
20220810,0.07343083168316832,Tesla Inc
20220811,0.08177871874999999,Tesla Inc
20220812,0.11218403225806453,Tesla Inc
20220813,0.18811212121212123,Tesla Inc
20220901,0.05530836363636363,Tesla Inc
20220902,0.08406250704225353,Tesla Inc
20220903,0.1538131875,Tesla Inc
20220904,0.11106914893617022,Tesla Inc
20220905,0.09264,Tesla Inc
20220906,0.1062624340659341,Tesla Inc
20220907,0.055612691428571434,Tesla Inc
20220908,0.07197828936170213,Tesla Inc
20220909,0.11473666326530613,Tesla Inc
20220910,0.14679631034482757,Tesla Inc
20220911,0.11908719354838711,Tesla Inc
20220912,0.14182251219512193,Tesla Inc
20220913,0.006010710382513666,Tesla Inc
20220914,0.07978292178770949,Tesla Inc
20220915,0.10709391071428569,Tesla Inc
20220916,0.14572097560975608,Tesla Inc
20221001,0.11374530263157895,Tesla Inc
20221002,0.08482094244604316,Tesla Inc
20221003,0.023582447174447175,Tesla Inc
20221004,0.05451540948275862,Tesla Inc
20221005,0.05726438408304499,Tesla Inc
20221006,0.05614868085106382,Tesla Inc
20221007,0.05768731111111111,Tesla Inc
20221008,0.07426097849462364,Tesla Inc
20221009,0.051145512500000004,Tesla Inc
20221010,0.038921137566137576,Tesla Inc
20221011,0.06181587654320988,Tesla Inc
20221101,0.06950847577092512,Tesla Inc
20221102,0.08119512068965516,Tesla Inc
20221103,0.06763650505050504,Tesla Inc
20221104,0.02076468098159509,Tesla Inc
20221105,0.11247875352112678,Tesla Inc
20221106,0.07992628070175437,Tesla Inc
20221107,0.06879068902439024,Tesla Inc
20221108,0.05402433073929962,Tesla Inc
20221109,0.053569261437908494,Tesla Inc
20221110,0.03010397523219815,Tesla Inc
20221111,0.06105506521739132,Tesla Inc
20221201,0.0722835909090909,Tesla Inc
20221202,0.04328721126760563,Tesla Inc
20221203,0.1206910625,Tesla Inc
20221204,0.133136,Tesla Inc
20221205,0.015616477707006367,Tesla Inc
20221206,0.0490370625,Tesla Inc
20221207,0.04603977659574468,Tesla Inc
20221208,0.0179842,Tesla Inc
20221209,0.037507408759124096,Tesla Inc
20221210,0.07898368421052632,Tesla Inc
20221211,0.024780764705882363,Tesla Inc
20221212,0.06790369082125605,Tesla Inc
20221213,0.02456765217391305,Tesla Inc
20221214,0.04738061052631579,Tesla Inc
20221215,0.06689257342657341,Tesla Inc
20230101,0.03758352631578948,Tesla Inc
20230102,0.029493659574468083,Tesla Inc
20230103,-0.004003797619047621,Tesla Inc
20230104,0.027751624605678232,Tesla Inc
20230105,0.03954150471698114,Tesla Inc
20230106,0.027743710204081635,Tesla Inc
20230107,-0.040751515625,Tesla Inc
20230108,-0.0005373200000000003,Tesla Inc
20230109,0.06188121238938055,Tesla Inc
20230110,0.06546143558282208,Tesla Inc
20230111,0.10208301775147928,Tesla Inc
20230112,-0.0077551258278145685,Tesla Inc
20230201,0.05925595358649789,Tesla Inc
20230202,0.08811803267973856,Tesla Inc
20230203,0.08604432899022801,Tesla Inc
20230204,0.10172149579831932,Tesla Inc
20230205,0.018246741379310344,Tesla Inc
20230206,0.138241018404908,Tesla Inc
20230207,0.05955932098765432,Tesla Inc
20230208,0.10114551315789472,Tesla Inc
20230209,0.08752456593406592,Tesla Inc
20230210,0.09998548309178742,Tesla Inc
20230211,0.1296357777777778,Tesla Inc
20230212,0.12538531578947368,Tesla Inc
20230213,0.12011994252873562,Tesla Inc
20230214,0.09600642105263157,Tesla Inc
20230301,0.08552581751824817,Tesla Inc
20230302,0.05911756878306878,Tesla Inc
20230303,0.07864520000000001,Tesla Inc
20230304,0.05343523255813954,Tesla Inc
20230305,0.07249104166666666,Tesla Inc
20230306,0.04944805687203792,Tesla Inc
20230307,0.06591246296296296,Tesla Inc
20230308,0.012391088709677424,Tesla Inc
20230309,0.0912771328125,Tesla Inc
20230310,0.061542706896551724,Tesla Inc
20230311,0.011853745098039213,Tesla Inc
20230312,0.05002186363636363,Tesla Inc
20230313,0.07363122935779816,Tesla Inc
20230314,-0.0015116000000000018,Tesla Inc
20230401,0.10710299999999998,Tesla Inc
20230402,0.039137319672131146,Tesla Inc
20230403,0.045889202702702706,Tesla Inc
20230404,0.04349594666666667,Tesla Inc
20230405,0.06780530409356725,Tesla Inc
20230406,0.09209047482014387,Tesla Inc
20230407,0.026960245398773005,Tesla Inc
20230408,0.030839166666666664,Tesla Inc
20230409,0.052700271604938266,Tesla Inc
20230410,0.058600644171779126,Tesla Inc
20230411,0.11354019018404908,Tesla Inc
20230412,0.07785744720496895,Tesla Inc
20230413,0.11684798843930636,Tesla Inc
20230414,0.04387388125,Tesla Inc
20230501,0.08086781481481481,Tesla Inc
20230502,0.04172698173515981,Tesla Inc
20230503,0.0036220825688073385,Tesla Inc
20230504,0.10774502158273382,Tesla Inc
20230505,0.058643561904761915,Tesla Inc
20230506,0.04560054385964913,Tesla Inc
20230507,0.030448000000000003,Tesla Inc
20230508,0.06133153086419753,Tesla Inc
20230509,0.056189813432835814,Tesla Inc
20230510,0.09951751497005988,Tesla Inc
20230511,0.04805563559322034,Tesla Inc
20230512,0.050791193627450985,Tesla Inc
20230513,0.06789295312499999,Tesla Inc
20230514,0.07072603703703703,Tesla Inc
20230515,0.08206145936395762,Tesla Inc
20230516,-0.009924782608695656,Tesla Inc
20230601,0.10589724545454546,Tesla Inc
20230602,0.11779864571428574,Tesla Inc
20230603,0.070768078125,Tesla Inc
20230604,0.11019016666666667,Tesla Inc
20230605,0.11792751612903224,Tesla Inc
20230606,0.11762932777777776,Tesla Inc
20230607,0.11494163888888892,Tesla Inc
20230608,0.12940425,Tesla Inc
20230609,0.11944586015831134,Tesla Inc
20230610,0.12262967692307691,Tesla Inc
20230611,0.1087812676056338,Tesla Inc
20230612,0.12347216334661355,Tesla Inc
20230613,0.10797874838709678,Tesla Inc
20230701,0.06941631818181818,Tesla Inc
20230702,0.09360361111111111,Tesla Inc
20230703,0.13186502295918368,Tesla Inc
20230704,0.08318087931034485,Tesla Inc
20230705,0.08779979863481228,Tesla Inc
20230706,0.11990912727272728,Tesla Inc
20230707,0.06210668292682927,Tesla Inc
20230708,0.09275707692307693,Tesla Inc
20230709,0.10301855319148936,Tesla Inc
20230710,0.08731264736842105,Tesla Inc
20230711,0.10532662222222222,Tesla Inc
20230712,0.11450423504273505,Tesla Inc
20230801,0.03428120238095237,Tesla Inc
20230802,0.08052012328767122,Tesla Inc
20230803,0.07923355862068965,Tesla Inc
20230804,0.09704404166666666,Tesla Inc
20230805,0.06494252631578948,Tesla Inc
20230806,0.1137543,Tesla Inc
20230807,0.12396657714285714,Tesla Inc
20230808,0.06121458192090396,Tesla Inc
20230809,0.12167834,Tesla Inc
20230810,0.04930575159235668,Tesla Inc
20230811,0.07751092028985505,Tesla Inc
20230812,0.128720875,Tesla Inc
20230813,0.1206584716981132,Tesla Inc
20230814,0.08590622660098524,Tesla Inc
20230815,0.08704985483870967,Tesla Inc
20230816,0.03301404615384615,Tesla Inc
20230901,0.09035554819277108,Tesla Inc
20230902,0.2372940509383378,Tesla Inc
20230903,0.2224748655462185,Tesla Inc
20230904,0.167410675,Tesla Inc
20230905,0.18817196380090495,Tesla Inc
20230906,0.08047536046511629,Tesla Inc
20230907,0.07042466666666668,Tesla Inc
20230908,0.04922159393939394,Tesla Inc
20231101,0.08243948717948718,Tesla Inc
20231102,0.11064513414634146,Tesla Inc
20231103,0.13639773780487804,Tesla Inc
20231104,0.12867940963855423,Tesla Inc
20231105,0.12086024657534247,Tesla Inc
20231106,0.1261860138888889,Tesla Inc
20231107,0.08303805,Tesla Inc
20231108,0.10505238596491227,Tesla Inc
20231109,0.0908145988700565,Tesla Inc
20231110,0.1396424666666667,Tesla Inc
20231111,0.07084599999999999,Tesla Inc
20231112,0.12020145161290324,Tesla Inc
20231113,0.06757354672897195,Tesla Inc
20231114,0.11557125499999998,Tesla Inc
20231115,0.10809874545454544,Tesla Inc
20240101,0.12397477333333334,Tesla Inc
20240102,0.10466243214285714,Tesla Inc
20240103,0.07332402448979593,Tesla Inc
20240104,0.055853653846153845,Tesla Inc
20240105,0.022458685714285716,Tesla Inc
20240106,0.1361371724137931,Tesla Inc
20240107,0.06836791891891891,Tesla Inc
20240108,0.10157836718749999,Tesla Inc
20240109,0.12712446808510638,Tesla Inc
20240110,0.14142315172413794,Tesla Inc
20240111,0.05988161538461539,Tesla Inc
20240112,-0.03763199090909091,Tesla Inc
20240113,0.09268454000000002,Tesla Inc
20240114,0.06741167857142856,Tesla Inc
20240301,0.09340737244897959,Tesla Inc
20240302,0.14229529292929297,Tesla Inc
20240303,0.08551810769230768,Tesla Inc
20240304,0.13493733136094674,Tesla Inc
20240305,0.06508268897637795,Tesla Inc
20240306,0.08448028638497652,Tesla Inc
20240307,0.10416761025641026,Tesla Inc
20240308,0.0666858988095238,Tesla Inc
20240309,0.08958718181818182,Tesla Inc
20240310,0.06408004166666667,Tesla Inc
20240311,0.13259605844155845,Tesla Inc
20240312,0.053200350553505533,Tesla Inc
20240313,0.042799449999999996,Tesla Inc
